comentario,sentimiento
"Estos tenis el diseño está buenísimo, combinan con todo",positivo
"Chicos, los que pedí me quedaron chicos, tuve que cambiarlos",negativo
"Miren, los que pedí todavía tienen disponibilidad en talla 24?",neutral
"La verdad, estos Voltra tardó más de un mes en llegar",negativo
Estos Voltra llegaron con la caja toda dañada,negativo
"Miren, mis tenis nuevos cancelaron mi pedido sin avisar",negativo
Pues estos Voltra el precio vale la pena por la calidad,positivo
"La verdad, estos tenis se despegó la suela al segundo uso",negativo
Mis tenis nuevos cómo le hago para cambiar la talla?,neutral
"Chicos, los que pedí la suela se rompió a la semana de usarlos",negativo
"Oye, el par que compré el material se siente muy barato",negativo
Mis tenis nuevos cuánto cuestan? no encuentro el precio,neutral
"Chicos, mis tenis nuevos la atención al cliente fue rapidísima y amable",positivo
Pues estos tenis aceptan pagos a meses sin intereses?,neutral
Pues los que pedí pésima atención cuando reclamé,negativo
"Miren, el modelo nuevo resolvieron mi duda en minutos, súper atentos",positivo
"Oye, mis tenis nuevos tardó más de un mes en llegar",negativo
Pues los tenis Voltra el material se siente muy barato,negativo
"Ya que preguntan, el par que compré responden por aquí o solo por WhatsApp?",neutral
"Oye, estos tenis tienen en otros colores?",neutral
Los que pedí cuánto dura el envío a otra ciudad?,neutral
"Oye, estos tenis la suela se rompió a la semana de usarlos",negativo
Pues el par que compré pésima atención cuando reclamé,negativo
Pues estos tenis se despegó la suela al segundo uso,negativo
"La verdad, el modelo nuevo tienen en otros colores?",neutral
Pues estos tenis cobraron de más y nadie respondió mis mensajes,negativo
Qué rápido llegó... después de un mes.,negativo
"Miren, el par que compré llegaron rapidísimo y sin problema",positivo
"Ya que preguntan, los que pedí tardó más de un mes en llegar",negativo
"Miren, estos tenis están pésimos para lo que ofrecen",negativo
"Miren, los que pedí aceptan pagos a meses sin intereses?",neutral
El par que compré quedé encantado con el par que compré,positivo
"Oye, los tenis Voltra tardó más de un mes en llegar",negativo
Nada mal para el precio.,positivo
"Oye, estos Voltra están pésimos para lo que ofrecen",negativo
"La verdad, los que pedí se despegó la suela al segundo uso",negativo
"Miren, el par que compré ya voy a comprar otro par, me encantaron",positivo
Mis tenis nuevos son cómodos desde el primer día,positivo
"Oye, el modelo nuevo cuánto tarda el envío normalmente?",neutral
"El par que compré nunca llegó mi pedido, pésimo servicio",negativo
"Chicos, los que pedí cuánto cuestan? no encuentro el precio",neutral
Los que pedí el color no es el mismo que en la foto,negativo
Los tenis Voltra cancelaron mi pedido sin avisar,negativo
El par que compré se ven increíbles 😍,positivo
"La verdad, mis tenis nuevos llegaron con la caja toda dañada",negativo
"Ya que preguntan, estos Voltra no los recomiendo para nada, mala calidad",negativo
"Oye, los tenis Voltra el precio vale la pena por la calidad",positivo
El par que compré tienen talla 26? ando buscando unos así,neutral
"Ya que preguntan, el par que compré la suela se rompió a la semana de usarlos",negativo
Estos tenis cancelaron mi pedido sin avisar,negativo
"Chicos, estos tenis el color no es el mismo que en la foto",negativo
"Miren, estos Voltra aceptan pagos a meses sin intereses?",neutral
"El modelo nuevo el empaque llegó perfecto, se nota el cuidado",positivo
"Pues los que pedí el diseño está buenísimo, combinan con todo",positivo
Pues mis tenis nuevos están pésimos para lo que ofrecen,negativo
"Oye, estos Voltra cómo le hago para cambiar la talla?",neutral
"Miren, mis tenis nuevos superaron mis expectativas",positivo
Pues mis tenis nuevos se despegó la suela al segundo uso,negativo
"Miren, el modelo nuevo es una copia barata de otra marca",negativo
"Miren, estos Voltra el material se siente muy barato",negativo
"La verdad, mis tenis nuevos se ven increíbles 🔥",positivo
"La verdad, estos Voltra el color no es el mismo que en la foto",negativo
"Chicos, estos tenis se ven bien pero prefiero esperar una rebaja",neutral
Estos tenis hay descuento si compro dos pares?,neutral
"Miren, los tenis Voltra se despegó la suela al segundo uso",negativo
"Oye, estos Voltra superaron mis expectativas",positivo
"Chicos, estos tenis valen totalmente la pena por lo que ofrecen",positivo
"Chicos, los que pedí no vale lo que cuesta, esperaba más",negativo
Pues los que pedí son cómodos desde el primer día,positivo
No están tan mal.,positivo
"Ya que preguntan, el modelo nuevo superaron mis expectativas",positivo
"El modelo nuevo me quedaron chicos, tuve que cambiarlos",negativo
Mis tenis nuevos se ven excelentes 😊,positivo
"Oye, el modelo nuevo se ven bien pero prefiero esperar una rebaja",neutral
"Pues el par que compré no los recomiendo para nada, mala calidad",negativo
Estos Voltra de qué material son?,neutral
Los tenis Voltra el precio vale la pena por la calidad,positivo
"Miren, los tenis Voltra nunca llegó mi pedido, pésimo servicio",negativo
"La verdad, mis tenis nuevos ya voy a comprar otro par, me encantaron",positivo
Estos Voltra el precio vale la pena por la calidad,positivo
Los tenis Voltra el servicio fue excelente de principio a fin,positivo
Los tenis Voltra hay descuento si compro dos pares?,neutral
"Ya que preguntan, estos Voltra es una copia barata de otra marca",negativo
Los tenis Voltra valen totalmente la pena por lo que ofrecen,positivo
El modelo nuevo tienen en otros colores?,neutral
El modelo nuevo la suela se rompió a la semana de usarlos,negativo
"Los que pedí no sé si comprarlos todavía, sigo pensándolo",neutral
Estos Voltra cuánto cuestan? no encuentro el precio,neutral
"Ya que preguntan, estos Voltra los recomiendo sin duda, no me arrepiento",positivo
"Oye, el par que compré valen totalmente la pena por lo que ofrecen",positivo
El modelo nuevo el servicio fue excelente de principio a fin,positivo
"Miren, el modelo nuevo cómo le hago para cambiar la talla?",neutral
"Oye, el modelo nuevo cancelaron mi pedido sin avisar",negativo
"Miren, mis tenis nuevos es una copia barata de otra marca",negativo
Los que pedí están horribles para lo que ofrecen,negativo
"Ya que preguntan, los que pedí el servicio fue excelente de principio a fin",positivo
Se podría decir que cumplen.,neutral
"Ya que preguntan, el par que compré se ven hermosos 👏",positivo
"Oye, el modelo nuevo llegaron con la caja toda dañada",negativo
"Oye, estos tenis se despegó la suela al segundo uso",negativo
"Miren, el par que compré me quedaron chicos, tuve que cambiarlos",negativo
"Oye, el par que compré tardó más de un mes en llegar",negativo
Pues estos tenis llegaron rapidísimo y sin problema,positivo
"La verdad, los que pedí el diseño está buenísimo, combinan con todo",positivo
Pues estos Voltra tienen en otros colores?,neutral
"Chicos, los que pedí valen totalmente la pena por lo que ofrecen",positivo
"Miren, mis tenis nuevos pésima atención cuando reclamé",negativo
Pues el par que compré superaron mis expectativas,positivo
"Miren, los que pedí la suela se rompió a la semana de usarlos",negativo
Pues estos tenis tardó más de un mes en llegar,negativo
"Oye, los tenis Voltra nunca llegó mi pedido, pésimo servicio",negativo
"Chicos, los que pedí llegaron con la caja toda dañada",negativo
Estos tenis cuánto dura el envío a otra ciudad?,neutral
Mis tenis nuevos cuánto dura el envío a otra ciudad?,neutral
Los que pedí el precio vale la pena por la calidad,positivo
"Chicos, el modelo nuevo la suela se rompió a la semana de usarlos",negativo
"Oye, el modelo nuevo superaron mis expectativas",positivo
"Chicos, el par que compré tardó más de un mes en llegar",negativo
"Miren, el modelo nuevo tienen talla 26? ando buscando unos así",neutral
"Los que pedí los recomiendo sin duda, no me arrepiento",positivo
Estos tenis quedé encantado con estos tenis 😍,positivo
"Chicos, estos Voltra la suela se rompió a la semana de usarlos",negativo
"Podría ser peor, la verdad.",neutral
"Miren, los tenis Voltra cuánto tarda el envío normalmente?",neutral
"Ya que preguntan, los que pedí tienen en otros colores?",neutral
"El par que compré ya voy a comprar otro par, me encantaron",positivo
"Ya que preguntan, mis tenis nuevos llegaron rapidísimo y sin problema",positivo
"La verdad, mis tenis nuevos tienen talla 26? ando buscando unos así",neutral
Estos Voltra quedé encantado con estos Voltra 😊,positivo
"Chicos, estos Voltra el servicio fue excelente de principio a fin",positivo
Pues estos Voltra están incómodos para lo que ofrecen,negativo
"Oye, estos tenis hay descuento si compro dos pares?",neutral
"Estos Voltra nunca llegó mi pedido, pésimo servicio",negativo
"Oye, los que pedí es una copia barata de otra marca",negativo
"Estos Voltra los recomiendo sin duda, no me arrepiento",positivo
"Chicos, mis tenis nuevos no vale lo que cuesta, esperaba más",negativo
"Oye, estos tenis son cómodos desde el primer día",positivo
"Chicos, estos Voltra se despegó la suela al segundo uso",negativo
"Miren, el par que compré tardó más de un mes en llegar",negativo
El modelo nuevo están decepcionantes para lo que ofrecen,negativo
Estos Voltra pésima atención cuando reclamé,negativo
Pues los tenis Voltra el color no es el mismo que en la foto,negativo
El modelo nuevo quedé encantado con el modelo nuevo 🔥,positivo
"La verdad, estos Voltra cancelaron mi pedido sin avisar",negativo
"Oye, los que pedí aceptan pagos a meses sin intereses?",neutral
"La verdad, estos tenis cancelaron mi pedido sin avisar",negativo
"Chicos, estos tenis los recomiendo sin duda, no me arrepiento",positivo
"Pues mis tenis nuevos no vale lo que cuesta, esperaba más",negativo
Pues el par que compré llegaron con la caja toda dañada,negativo
"Pues estos tenis no vale lo que cuesta, esperaba más",negativo
Los tenis Voltra de qué material son?,neutral
"Pues estos Voltra los recomiendo sin duda, no me arrepiento",positivo
"Oye, mis tenis nuevos es una copia barata de otra marca",negativo
"Ya que preguntan, los tenis Voltra se despegó la suela al segundo uso",negativo
"Ya que preguntan, los tenis Voltra llegaron con la caja toda dañada",negativo
El par que compré se despegó la suela al segundo uso,negativo
"Ya que preguntan, estos Voltra cuánto tarda el envío normalmente?",neutral
Mis tenis nuevos superaron mis expectativas,positivo
Pues el modelo nuevo tardó más de un mes en llegar,negativo
"Oye, estos Voltra no los recomiendo para nada, mala calidad",negativo
Pues los tenis Voltra el precio vale la pena por la calidad,positivo
Pues el modelo nuevo cobraron de más y nadie respondió mis mensajes,negativo
"Ya que preguntan, estos tenis cuánto tarda el envío normalmente?",neutral
"La verdad, el par que compré resolvieron mi duda en minutos, súper atentos",positivo
Pues estos Voltra se despegó la suela al segundo uso,negativo
El par que compré el color no es el mismo que en la foto,negativo
"Chicos, el par que compré cancelaron mi pedido sin avisar",negativo
"Oye, los que pedí hay descuento si compro dos pares?",neutral
"Oye, el modelo nuevo nunca llegó mi pedido, pésimo servicio",negativo
"Chicos, estos tenis no los recomiendo para nada, mala calidad",negativo
"Chicos, mis tenis nuevos es una copia barata de otra marca",negativo
Pues estos tenis se ven bien pero prefiero esperar una rebaja,neutral
"La verdad, el par que compré tardó más de un mes en llegar",negativo
"Oye, mis tenis nuevos no los recomiendo para nada, mala calidad",negativo
"Ya que preguntan, mis tenis nuevos me quedaron chicos, tuve que cambiarlos",negativo
"Miren, estos Voltra tardó más de un mes en llegar",negativo
Pues mis tenis nuevos superaron mis expectativas,positivo
"El modelo nuevo no vale lo que cuesta, esperaba más",negativo
"Oye, el modelo nuevo me quedaron chicos, tuve que cambiarlos",negativo
"Miren, mis tenis nuevos nunca llegó mi pedido, pésimo servicio",negativo
"Miren, los tenis Voltra el servicio fue excelente de principio a fin",positivo
Los tenis Voltra la suela se rompió a la semana de usarlos,negativo
"Oye, estos tenis valen totalmente la pena por lo que ofrecen",positivo
Pues estos tenis la atención al cliente fue rapidísima y amable,positivo
Estos Voltra la suela se rompió a la semana de usarlos,negativo
El par que compré el material se siente muy barato,negativo
"La verdad, los tenis Voltra cuál es la diferencia con el modelo anterior?",neutral
"Miren, el par que compré los recomiendo sin duda, no me arrepiento",positivo
"Miren, estos tenis el diseño está buenísimo, combinan con todo",positivo
Estos tenis la atención al cliente fue rapidísima y amable,positivo
Pues el modelo nuevo todavía tienen disponibilidad en talla 24?,neutral
Estos Voltra cuánto dura el envío a otra ciudad?,neutral
"Oye, estos Voltra son cómodos desde el primer día",positivo
"La verdad, estos Voltra todavía tienen disponibilidad en talla 24?",neutral
"La verdad, los tenis Voltra el diseño está buenísimo, combinan con todo",positivo
"Estos Voltra no los recomiendo para nada, mala calidad",negativo
"Oye, estos tenis nunca llegó mi pedido, pésimo servicio",negativo
Los tenis Voltra llegaron con la caja toda dañada,negativo
El modelo nuevo quedé encantado con el modelo nuevo,positivo
Pues el par que compré la calidad se siente premium,positivo
"Ya que preguntan, estos tenis todavía tienen disponibilidad en talla 24?",neutral
"Oye, el modelo nuevo el diseño está buenísimo, combinan con todo",positivo
"Miren, mis tenis nuevos no vale lo que cuesta, esperaba más",negativo
"Oye, el par que compré de qué material son?",neutral
No es tan caro como pensé.,neutral
El par que compré el precio vale la pena por la calidad,positivo
El par que compré se ven espectaculares 💯,positivo
"Miren, mis tenis nuevos cuánto tarda el envío normalmente?",neutral
"Oye, los que pedí cancelaron mi pedido sin avisar",negativo
"Chicos, estos tenis cuánto dura el envío a otra ciudad?",neutral
No sé qué decir.,neutral
"Oye, mis tenis nuevos el empaque llegó perfecto, se nota el cuidado",positivo
"La verdad, los tenis Voltra no sé si comprarlos todavía, sigo pensándolo",neutral
"Chicos, mis tenis nuevos todavía tienen disponibilidad en talla 24?",neutral
"Ya que preguntan, el par que compré tienen talla 26? ando buscando unos así",neutral
Los que pedí valen totalmente la pena por lo que ofrecen,positivo
Pues los que pedí aceptan pagos a meses sin intereses?,neutral
"Chicos, los que pedí quedé encantado con los que pedí 👏",positivo
El modelo nuevo el material se siente muy barato,negativo
"La verdad, los tenis Voltra tardó más de un mes en llegar",negativo
"Pues mis tenis nuevos el empaque llegó perfecto, se nota el cuidado",positivo
"Chicos, estos Voltra no sé si comprarlos todavía, sigo pensándolo",neutral
"La verdad, el par que compré hay descuento si compro dos pares?",neutral
"Pues estos Voltra no vale lo que cuesta, esperaba más",negativo
"Miren, el modelo nuevo no los recomiendo para nada, mala calidad",negativo
Pues los que pedí tienen talla 26? ando buscando unos así,neutral
"La verdad, mis tenis nuevos nunca llegó mi pedido, pésimo servicio",negativo
"Miren, mis tenis nuevos cuánto dura el envío a otra ciudad?",neutral
"Ya que preguntan, mis tenis nuevos cuál es la diferencia con el modelo anterior?",neutral
"Ya que preguntan, los tenis Voltra se ven bien pero prefiero esperar una rebaja",neutral
"Miren, estos tenis el servicio fue excelente de principio a fin",positivo
"Oye, los que pedí están carísimos para lo que ofrecen",negativo
Esperaba más.,negativo
"Chicos, mis tenis nuevos el material se siente muy barato",negativo
"La verdad, mis tenis nuevos cuánto cuestan? no encuentro el precio",neutral
"Los que pedí el diseño está buenísimo, combinan con todo",positivo
"Chicos, el modelo nuevo cobraron de más y nadie respondió mis mensajes",negativo
"Miren, los tenis Voltra el diseño está buenísimo, combinan con todo",positivo
"Chicos, estos tenis están decepcionantes para lo que ofrecen",negativo
El modelo nuevo es una copia barata de otra marca,negativo
"Miren, los tenis Voltra quedé encantado con los tenis Voltra 🙌",positivo
"Ya que preguntan, el par que compré están horribles para lo que ofrecen",negativo
"Ya que preguntan, el modelo nuevo cuál es la diferencia con el modelo anterior?",neutral
Pues mis tenis nuevos tienen talla 26? ando buscando unos así,neutral
"Miren, los tenis Voltra se ven bien pero prefiero esperar una rebaja",neutral
"Ya que preguntan, mis tenis nuevos es una copia barata de otra marca",negativo
"Oye, los que pedí no sé si comprarlos todavía, sigo pensándolo",neutral
"Miren, los que pedí resolvieron mi duda en minutos, súper atentos",positivo
"Miren, los tenis Voltra están decepcionantes para lo que ofrecen",negativo
"Ya que preguntan, mis tenis nuevos la atención al cliente fue rapidísima y amable",positivo
"Chicos, mis tenis nuevos el diseño está buenísimo, combinan con todo",positivo
"Oye, el par que compré quedé encantado con el par que compré 👏",positivo
Estos tenis es una copia barata de otra marca,negativo
Mis tenis nuevos tardó más de un mes en llegar,negativo
"Ya que preguntan, estos Voltra cuánto cuestan? no encuentro el precio",neutral
"Miren, estos tenis los recomiendo sin duda, no me arrepiento",positivo
"Ya que preguntan, estos Voltra llegaron con la caja toda dañada",negativo
Estos tenis tienen talla 26? ando buscando unos así,neutral
Pues estos Voltra tienen talla 26? ando buscando unos así,neutral
"Miren, mis tenis nuevos hay descuento si compro dos pares?",neutral
"Chicos, mis tenis nuevos tienen talla 26? ando buscando unos así",neutral
No fue un mal servicio.,positivo
"Oye, los que pedí el precio vale la pena por la calidad",positivo
Estos tenis se ven geniales 🔥,positivo
"Ya que preguntan, el modelo nuevo valen totalmente la pena por lo que ofrecen",positivo
"Oye, el modelo nuevo no vale lo que cuesta, esperaba más",negativo
"Ya que preguntan, mis tenis nuevos no vale lo que cuesta, esperaba más",negativo
Los que pedí se ven geniales,positivo
"Mis tenis nuevos no vale lo que cuesta, esperaba más",negativo
"Ya que preguntan, el par que compré el diseño está buenísimo, combinan con todo",positivo
"La verdad, estos Voltra el precio vale la pena por la calidad",positivo
"La verdad, mis tenis nuevos resolvieron mi duda en minutos, súper atentos",positivo
"Miren, estos tenis quedé encantado con estos tenis 🙌",positivo
"Miren, estos Voltra es una copia barata de otra marca",negativo
"Ya que preguntan, los que pedí llegaron rapidísimo y sin problema",positivo
"Ya que preguntan, estos Voltra ya voy a comprar otro par, me encantaron",positivo
Los que pedí pésima atención cuando reclamé,negativo
Los que pedí es una copia barata de otra marca,negativo
"Oye, estos Voltra el precio vale la pena por la calidad",positivo
Pues estos tenis llegaron con la caja toda dañada,negativo
"Chicos, los tenis Voltra el empaque llegó perfecto, se nota el cuidado",positivo
"Ya que preguntan, los que pedí no los recomiendo para nada, mala calidad",negativo
"Miren, el par que compré se despegó la suela al segundo uso",negativo
"Chicos, estos Voltra tienen talla 26? ando buscando unos así",neutral
"Chicos, los tenis Voltra ya voy a comprar otro par, me encantaron",positivo
"Mis tenis nuevos no sé si comprarlos todavía, sigo pensándolo",neutral
"Ya que preguntan, estos tenis tienen en otros colores?",neutral
"Oye, mis tenis nuevos el color no es el mismo que en la foto",negativo
Los que pedí llegaron con la caja toda dañada,negativo
"Chicos, los que pedí se ven perfectos 😍",positivo
"Miren, los tenis Voltra superaron mis expectativas",positivo
"Oye, estos Voltra el material se siente muy barato",negativo
"Oye, mis tenis nuevos cobraron de más y nadie respondió mis mensajes",negativo
"Ya que preguntan, el modelo nuevo cuánto cuestan? no encuentro el precio",neutral
"Chicos, el modelo nuevo el material se siente muy barato",negativo
Pues el modelo nuevo se despegó la suela al segundo uso,negativo
"Ya que preguntan, mis tenis nuevos llegaron con la caja toda dañada",negativo
"Oye, el modelo nuevo tardó más de un mes en llegar",negativo
"La verdad, el modelo nuevo hacen envíos a provincia?",neutral
"Miren, los tenis Voltra el empaque llegó perfecto, se nota el cuidado",positivo
"Los tenis Voltra el empaque llegó perfecto, se nota el cuidado",positivo
"Mis tenis nuevos nunca llegó mi pedido, pésimo servicio",negativo
Pues mis tenis nuevos la atención al cliente fue rapidísima y amable,positivo
"Miren, el modelo nuevo cancelaron mi pedido sin avisar",negativo
Pues estos Voltra responden por aquí o solo por WhatsApp?,neutral
El modelo nuevo cuánto tarda el envío normalmente?,neutral
"Chicos, estos Voltra no los recomiendo para nada, mala calidad",negativo
"Oye, mis tenis nuevos llegaron rapidísimo y sin problema",positivo
"La verdad, estos tenis cobraron de más y nadie respondió mis mensajes",negativo
"Ya que preguntan, mis tenis nuevos la suela se rompió a la semana de usarlos",negativo
"La verdad, el modelo nuevo llegaron con la caja toda dañada",negativo
El par que compré cancelaron mi pedido sin avisar,negativo
"La verdad, estos Voltra cobraron de más y nadie respondió mis mensajes",negativo
Estos tenis llegaron rapidísimo y sin problema,positivo
"Oye, estos Voltra el diseño está buenísimo, combinan con todo",positivo
"Chicos, estos tenis el material se siente muy barato",negativo
"Chicos, los tenis Voltra pésima atención cuando reclamé",negativo
"Mis tenis nuevos me quedaron chicos, tuve que cambiarlos",negativo
"Pues el modelo nuevo nunca llegó mi pedido, pésimo servicio",negativo
"Chicos, los que pedí el diseño está buenísimo, combinan con todo",positivo
"La verdad, el modelo nuevo la suela se rompió a la semana de usarlos",negativo
"La verdad, el modelo nuevo el material se siente muy barato",negativo
"Chicos, el modelo nuevo de qué material son?",neutral
"Pues los que pedí nunca llegó mi pedido, pésimo servicio",negativo
"Ya que preguntan, los que pedí el material se siente muy barato",negativo
Pues estos Voltra cancelaron mi pedido sin avisar,negativo
"Estos tenis nunca llegó mi pedido, pésimo servicio",negativo
Mis tenis nuevos cuánto tarda el envío normalmente?,neutral
"Estos Voltra el diseño está buenísimo, combinan con todo",positivo
"Miren, los que pedí valen totalmente la pena por lo que ofrecen",positivo
Estos Voltra el material se siente muy barato,negativo
"Miren, estos Voltra nunca llegó mi pedido, pésimo servicio",negativo
"Ya que preguntan, mis tenis nuevos pésima atención cuando reclamé",negativo
"Chicos, estos tenis es una copia barata de otra marca",negativo
Pues el modelo nuevo llegaron rapidísimo y sin problema,positivo
"Ya que preguntan, los tenis Voltra es una copia barata de otra marca",negativo
"Oye, el modelo nuevo no sé si comprarlos todavía, sigo pensándolo",neutral
"La verdad, estos Voltra resolvieron mi duda en minutos, súper atentos",positivo
"La verdad, el par que compré son cómodos desde el primer día",positivo
El par que compré cobraron de más y nadie respondió mis mensajes,negativo
"Ya que preguntan, los que pedí cómo le hago para cambiar la talla?",neutral
Mis tenis nuevos cobraron de más y nadie respondió mis mensajes,negativo
"La verdad, estos Voltra nunca llegó mi pedido, pésimo servicio",negativo
Pues el modelo nuevo el color no es el mismo que en la foto,negativo
"Pues mis tenis nuevos nunca llegó mi pedido, pésimo servicio",negativo
Pues mis tenis nuevos el precio vale la pena por la calidad,positivo
Estos tenis cuál es la diferencia con el modelo anterior?,neutral
"Oye, estos tenis cómo le hago para cambiar la talla?",neutral
"Chicos, los que pedí tienen en otros colores?",neutral
"Miren, el modelo nuevo de qué material son?",neutral
"Oye, el modelo nuevo el material se siente muy barato",negativo
"Ya que preguntan, los tenis Voltra no los recomiendo para nada, mala calidad",negativo
"Chicos, los que pedí tardó más de un mes en llegar",negativo
"Pues estos tenis el diseño está buenísimo, combinan con todo",positivo
Pues estos tenis pésima atención cuando reclamé,negativo
"Miren, el modelo nuevo la atención al cliente fue rapidísima y amable",positivo
"Oye, el par que compré ya voy a comprar otro par, me encantaron",positivo
"Ya que preguntan, los que pedí hay descuento si compro dos pares?",neutral
Pues los tenis Voltra pésima atención cuando reclamé,negativo
El par que compré la atención al cliente fue rapidísima y amable,positivo
Pues estos Voltra quedé encantado con estos Voltra 😍,positivo
"La verdad, estos tenis el diseño está buenísimo, combinan con todo",positivo
Los tenis Voltra están horribles para lo que ofrecen,negativo
"Oye, estos tenis cuánto cuestan? no encuentro el precio",neutral
"Miren, los tenis Voltra la calidad se siente premium",positivo
Estos tenis cobraron de más y nadie respondió mis mensajes,negativo
"Ya que preguntan, los tenis Voltra la atención al cliente fue rapidísima y amable",positivo
Los tenis Voltra se ven hermosos 🔥,positivo
"Chicos, los tenis Voltra la suela se rompió a la semana de usarlos",negativo
"Oye, los que pedí el servicio fue excelente de principio a fin",positivo
"Chicos, los tenis Voltra no los recomiendo para nada, mala calidad",negativo
Pues los que pedí superaron mis expectativas,positivo
Pues mis tenis nuevos es una copia barata de otra marca,negativo
"Ya que preguntan, el modelo nuevo los recomiendo sin duda, no me arrepiento",positivo
"La verdad, los que pedí de qué material son?",neutral
"Chicos, estos Voltra los recomiendo sin duda, no me arrepiento",positivo
"Ya que preguntan, los tenis Voltra cómo le hago para cambiar la talla?",neutral
"La verdad, el par que compré me quedaron chicos, tuve que cambiarlos",negativo
"Oye, los que pedí están incómodos para lo que ofrecen",negativo
Pues los tenis Voltra tienen en otros colores?,neutral
"La verdad, mis tenis nuevos se despegó la suela al segundo uso",negativo
"Ya que preguntan, el modelo nuevo tardó más de un mes en llegar",negativo
"La verdad, estos tenis la calidad se siente premium",positivo
"Oye, los tenis Voltra se ven bien pero prefiero esperar una rebaja",neutral
"Ya que preguntan, el modelo nuevo hay descuento si compro dos pares?",neutral
"Miren, el par que compré se ven bien pero prefiero esperar una rebaja",neutral
"Pues los que pedí me quedaron chicos, tuve que cambiarlos",negativo
Los que pedí cancelaron mi pedido sin avisar,negativo
"Oye, los tenis Voltra el diseño está buenísimo, combinan con todo",positivo
"Chicos, los tenis Voltra se despegó la suela al segundo uso",negativo
"Ya que preguntan, el par que compré es una copia barata de otra marca",negativo
"Oye, estos tenis cancelaron mi pedido sin avisar",negativo
"Chicos, mis tenis nuevos me quedaron chicos, tuve que cambiarlos",negativo
Los que pedí el servicio fue excelente de principio a fin,positivo
Los tenis Voltra la calidad se siente premium,positivo
"Chicos, mis tenis nuevos el empaque llegó perfecto, se nota el cuidado",positivo
Pues estos Voltra llegaron rapidísimo y sin problema,positivo
"Oye, el par que compré resolvieron mi duda en minutos, súper atentos",positivo
Los tenis Voltra el material se siente muy barato,negativo
"Chicos, los tenis Voltra valen totalmente la pena por lo que ofrecen",positivo
Pues los que pedí hacen envíos a provincia?,neutral
Pues mis tenis nuevos llegaron con la caja toda dañada,negativo
"Oye, los tenis Voltra el servicio fue excelente de principio a fin",positivo
El par que compré cuánto cuestan? no encuentro el precio,neutral
"Ok, gracias.",neutral
"La verdad, el par que compré ya voy a comprar otro par, me encantaron",positivo
"Mis tenis nuevos no los recomiendo para nada, mala calidad",negativo
Pues el par que compré se despegó la suela al segundo uso,negativo
"La verdad, estos tenis resolvieron mi duda en minutos, súper atentos",positivo
Pues el modelo nuevo de qué material son?,neutral
"El par que compré no los recomiendo para nada, mala calidad",negativo
"Oye, los tenis Voltra cuánto cuestan? no encuentro el precio",neutral
"Chicos, el modelo nuevo superaron mis expectativas",positivo
"Oye, estos tenis cuánto dura el envío a otra ciudad?",neutral
"Chicos, estos Voltra es una copia barata de otra marca",negativo
"Ya que preguntan, estos Voltra la suela se rompió a la semana de usarlos",negativo
"El modelo nuevo no sé si comprarlos todavía, sigo pensándolo",neutral
"Estos Voltra me quedaron chicos, tuve que cambiarlos",negativo
"Ya que preguntan, estos Voltra quedé encantado con estos Voltra 🔥",positivo
"Oye, estos tenis el color no es el mismo que en la foto",negativo
Pues los tenis Voltra son cómodos desde el primer día,positivo
Pues el par que compré se ven espectaculares 😊,positivo
"Ya que preguntan, el par que compré hay descuento si compro dos pares?",neutral
"La verdad, mis tenis nuevos se ven bien pero prefiero esperar una rebaja",neutral
"Chicos, los tenis Voltra el diseño está buenísimo, combinan con todo",positivo
Pues los tenis Voltra cobraron de más y nadie respondió mis mensajes,negativo
"La verdad, estos tenis el color no es el mismo que en la foto",negativo
"Oye, los que pedí los recomiendo sin duda, no me arrepiento",positivo
"La verdad, los que pedí el color no es el mismo que en la foto",negativo
"Ya que preguntan, el modelo nuevo el color no es el mismo que en la foto",negativo
"Chicos, estos Voltra la calidad se siente premium",positivo
"Chicos, mis tenis nuevos tardó más de un mes en llegar",negativo
"Miren, mis tenis nuevos el servicio fue excelente de principio a fin",positivo
Pues los que pedí es una copia barata de otra marca,negativo
"Oye, estos Voltra resolvieron mi duda en minutos, súper atentos",positivo
"Chicos, el modelo nuevo están decepcionantes para lo que ofrecen",negativo
El modelo nuevo hacen envíos a provincia?,neutral
"Estos tenis resolvieron mi duda en minutos, súper atentos",positivo
Los que pedí la suela se rompió a la semana de usarlos,negativo
"Ya que preguntan, los tenis Voltra están horribles para lo que ofrecen",negativo
Pues los tenis Voltra de qué material son?,neutral
Los que pedí se ven perfectos 🔥,positivo
El par que compré es una copia barata de otra marca,negativo
"Oye, estos tenis todavía tienen disponibilidad en talla 24?",neutral
Estos Voltra valen totalmente la pena por lo que ofrecen,positivo
Pues el par que compré cuánto tarda el envío normalmente?,neutral
"Chicos, el par que compré el precio vale la pena por la calidad",positivo
"La verdad, el par que compré pésima atención cuando reclamé",negativo
"Oye, los tenis Voltra aceptan pagos a meses sin intereses?",neutral
"Oye, el par que compré la suela se rompió a la semana de usarlos",negativo
Pues mis tenis nuevos llegaron rapidísimo y sin problema,positivo
El par que compré tardó más de un mes en llegar,negativo
"Oye, el par que compré el empaque llegó perfecto, se nota el cuidado",positivo
"Miren, los que pedí el servicio fue excelente de principio a fin",positivo
"La verdad, mis tenis nuevos el color no es el mismo que en la foto",negativo
"Miren, estos tenis hacen envíos a provincia?",neutral
"Chicos, estos tenis superaron mis expectativas",positivo
Bien.,neutral
Estos Voltra cancelaron mi pedido sin avisar,negativo
"Ya que preguntan, el par que compré llegaron rapidísimo y sin problema",positivo
"Miren, estos Voltra los recomiendo sin duda, no me arrepiento",positivo
Pues los que pedí el material se siente muy barato,negativo
Estos Voltra tienen talla 26? ando buscando unos así,neutral
Pues mis tenis nuevos están carísimos para lo que ofrecen,negativo
"Miren, los que pedí llegaron rapidísimo y sin problema",positivo
"Oye, los tenis Voltra no sé si comprarlos todavía, sigo pensándolo",neutral
"Oye, los que pedí pésima atención cuando reclamé",negativo
"La verdad, los tenis Voltra pésima atención cuando reclamé",negativo
"Miren, mis tenis nuevos de qué material son?",neutral
Pues estos tenis son cómodos desde el primer día,positivo
"Miren, los tenis Voltra el precio vale la pena por la calidad",positivo
"Miren, los que pedí ya voy a comprar otro par, me encantaron",positivo
El modelo nuevo se ven bien pero prefiero esperar una rebaja,neutral
"La verdad, los que pedí la suela se rompió a la semana de usarlos",negativo
"Oye, el par que compré pésima atención cuando reclamé",negativo
"La verdad, estos tenis todavía tienen disponibilidad en talla 24?",neutral
"Estos tenis me quedaron chicos, tuve que cambiarlos",negativo
"Los que pedí ya voy a comprar otro par, me encantaron",positivo
Estos Voltra la atención al cliente fue rapidísima y amable,positivo
El modelo nuevo están pésimos para lo que ofrecen,negativo
"Miren, mis tenis nuevos la calidad se siente premium",positivo
Los tenis Voltra la atención al cliente fue rapidísima y amable,positivo
Pues mis tenis nuevos cuánto tarda el envío normalmente?,neutral
"Chicos, los tenis Voltra cuánto dura el envío a otra ciudad?",neutral
"Chicos, el modelo nuevo aceptan pagos a meses sin intereses?",neutral
"Ya que preguntan, estos Voltra no vale lo que cuesta, esperaba más",negativo
"Pues estos tenis me quedaron chicos, tuve que cambiarlos",negativo
"La verdad, los que pedí se ven bien pero prefiero esperar una rebaja",neutral
"Chicos, el par que compré me quedaron chicos, tuve que cambiarlos",negativo
"Chicos, el modelo nuevo tardó más de un mes en llegar",negativo
Mis tenis nuevos responden por aquí o solo por WhatsApp?,neutral
"Chicos, mis tenis nuevos cobraron de más y nadie respondió mis mensajes",negativo
"La verdad, mis tenis nuevos son cómodos desde el primer día",positivo
"Pues estos Voltra no sé si comprarlos todavía, sigo pensándolo",neutral
Pues estos Voltra cobraron de más y nadie respondió mis mensajes,negativo
Pues mis tenis nuevos hacen envíos a provincia?,neutral
"La verdad, los que pedí cuánto tarda el envío normalmente?",neutral
"Miren, estos Voltra no los recomiendo para nada, mala calidad",negativo
"El par que compré el empaque llegó perfecto, se nota el cuidado",positivo
"Chicos, el modelo nuevo responden por aquí o solo por WhatsApp?",neutral
"Oye, el par que compré no vale lo que cuesta, esperaba más",negativo
"Ya que preguntan, estos tenis el precio vale la pena por la calidad",positivo
"Miren, el par que compré el material se siente muy barato",negativo
"Estos tenis no sé si comprarlos todavía, sigo pensándolo",neutral
"Oye, estos tenis cuánto tarda el envío normalmente?",neutral
"Oye, estos Voltra aceptan pagos a meses sin intereses?",neutral
Pues los tenis Voltra hacen envíos a provincia?,neutral
"Oye, los tenis Voltra la atención al cliente fue rapidísima y amable",positivo
"Ya que preguntan, los tenis Voltra cuánto tarda el envío normalmente?",neutral
"Miren, el modelo nuevo están pésimos para lo que ofrecen",negativo
"Miren, los que pedí pésima atención cuando reclamé",negativo
Pues los tenis Voltra es una copia barata de otra marca,negativo
"Los que pedí nunca llegó mi pedido, pésimo servicio",negativo
"Pues estos Voltra no los recomiendo para nada, mala calidad",negativo
"Ya que preguntan, estos tenis resolvieron mi duda en minutos, súper atentos",positivo
"Miren, mis tenis nuevos tienen talla 26? ando buscando unos así",neutral
"Miren, el par que compré son cómodos desde el primer día",positivo
El modelo nuevo cómo le hago para cambiar la talla?,neutral
"Oye, estos Voltra la calidad se siente premium",positivo
"Chicos, el par que compré resolvieron mi duda en minutos, súper atentos",positivo
Pues el par que compré valen totalmente la pena por lo que ofrecen,positivo
"Los tenis Voltra ya voy a comprar otro par, me encantaron",positivo
"Los que pedí resolvieron mi duda en minutos, súper atentos",positivo
"Miren, los tenis Voltra no los recomiendo para nada, mala calidad",negativo
Estos Voltra cómo le hago para cambiar la talla?,neutral
"Chicos, el modelo nuevo tienen en otros colores?",neutral
"Miren, el par que compré aceptan pagos a meses sin intereses?",neutral
"Oye, mis tenis nuevos nunca llegó mi pedido, pésimo servicio",negativo
"Miren, los que pedí cobraron de más y nadie respondió mis mensajes",negativo
"Chicos, los tenis Voltra cancelaron mi pedido sin avisar",negativo
"Oye, estos Voltra la suela se rompió a la semana de usarlos",negativo
Los que pedí cómo le hago para cambiar la talla?,neutral
Pues el modelo nuevo superaron mis expectativas,positivo
"Ya que preguntan, mis tenis nuevos todavía tienen disponibilidad en talla 24?",neutral
"Los tenis Voltra no vale lo que cuesta, esperaba más",negativo
"Pues el par que compré nunca llegó mi pedido, pésimo servicio",negativo
"Miren, el par que compré el servicio fue excelente de principio a fin",positivo
"Chicos, mis tenis nuevos tienen en otros colores?",neutral
"Miren, estos Voltra el servicio fue excelente de principio a fin",positivo
"Ya que preguntan, el modelo nuevo tienen talla 26? ando buscando unos así",neutral
El modelo nuevo cuál es la diferencia con el modelo anterior?,neutral
"Ya que preguntan, los que pedí superaron mis expectativas",positivo
El modelo nuevo llegaron con la caja toda dañada,negativo
"La verdad, el par que compré llegaron con la caja toda dañada",negativo
"Chicos, mis tenis nuevos valen totalmente la pena por lo que ofrecen",positivo
El modelo nuevo quedé encantado con el modelo nuevo 😍,positivo
"Oye, estos tenis me quedaron chicos, tuve que cambiarlos",negativo
"Ya que preguntan, estos Voltra cobraron de más y nadie respondió mis mensajes",negativo
Pues estos Voltra pésima atención cuando reclamé,negativo
"Ya que preguntan, el par que compré ya voy a comprar otro par, me encantaron",positivo
Pues mis tenis nuevos se ven preciosos,positivo
"Oye, estos tenis hacen envíos a provincia?",neutral
Pues estos tenis hay descuento si compro dos pares?,neutral
Pues el modelo nuevo tienen en otros colores?,neutral
Estos tenis valen totalmente la pena por lo que ofrecen,positivo
Mis tenis nuevos el servicio fue excelente de principio a fin,positivo
"Chicos, estos tenis la suela se rompió a la semana de usarlos",negativo
El par que compré superaron mis expectativas,positivo
"La verdad, los tenis Voltra están horribles para lo que ofrecen",negativo
"Oye, estos Voltra pésima atención cuando reclamé",negativo
"Chicos, el modelo nuevo no vale lo que cuesta, esperaba más",negativo
Los que pedí la atención al cliente fue rapidísima y amable,positivo
Los tenis Voltra cuánto dura el envío a otra ciudad?,neutral
"Chicos, los tenis Voltra tardó más de un mes en llegar",negativo
"Oye, los que pedí no vale lo que cuesta, esperaba más",negativo
"Oye, el par que compré cobraron de más y nadie respondió mis mensajes",negativo
"Chicos, estos tenis tardó más de un mes en llegar",negativo
"Ya que preguntan, el modelo nuevo no sé si comprarlos todavía, sigo pensándolo",neutral
"Oye, estos Voltra los recomiendo sin duda, no me arrepiento",positivo
Mis tenis nuevos llegaron con la caja toda dañada,negativo
"La verdad, el par que compré el material se siente muy barato",negativo
"Oye, mis tenis nuevos están incómodos para lo que ofrecen",negativo
Estos Voltra se ven bien pero prefiero esperar una rebaja,neutral
Pues el modelo nuevo la calidad se siente premium,positivo
"Chicos, el modelo nuevo pésima atención cuando reclamé",negativo
"La verdad, el modelo nuevo cuánto cuestan? no encuentro el precio",neutral
"Ya que preguntan, los que pedí es una copia barata de otra marca",negativo
"Oye, los tenis Voltra se ven hermosos 💯",positivo
Estos tenis son cómodos desde el primer día,positivo
Los tenis Voltra cuánto cuestan? no encuentro el precio,neutral
"La verdad, mis tenis nuevos la calidad se siente premium",positivo
"Miren, los tenis Voltra el color no es el mismo que en la foto",negativo
"Miren, el modelo nuevo se ven excelentes 👏",positivo
Pues los que pedí cobraron de más y nadie respondió mis mensajes,negativo
Mis tenis nuevos aceptan pagos a meses sin intereses?,neutral
"Miren, mis tenis nuevos cómo le hago para cambiar la talla?",neutral
"La verdad, los que pedí llegaron con la caja toda dañada",negativo
"Ya que preguntan, estos tenis superaron mis expectativas",positivo
"Oye, estos tenis aceptan pagos a meses sin intereses?",neutral
Mis tenis nuevos la suela se rompió a la semana de usarlos,negativo
"Miren, los tenis Voltra ya voy a comprar otro par, me encantaron",positivo
"Chicos, los tenis Voltra tienen en otros colores?",neutral
"Ya que preguntan, estos Voltra pésima atención cuando reclamé",negativo
"Chicos, mis tenis nuevos llegaron rapidísimo y sin problema",positivo
"Miren, estos Voltra no vale lo que cuesta, esperaba más",negativo
Estos tenis hacen envíos a provincia?,neutral
Mis tenis nuevos se ven buenísimos 💯,positivo
Pues los que pedí valen totalmente la pena por lo que ofrecen,positivo
"La verdad, el par que compré quedé encantado con el par que compré 😍",positivo
"Ya que preguntan, los que pedí se ven preciosos 😍",positivo
Estos tenis todavía tienen disponibilidad en talla 24?,neutral
"Miren, estos Voltra me quedaron chicos, tuve que cambiarlos",negativo
"Chicos, los que pedí el empaque llegó perfecto, se nota el cuidado",positivo
"Miren, el modelo nuevo la calidad se siente premium",positivo
"Ya que preguntan, estos Voltra se ven perfectos 👏",positivo
Mis tenis nuevos llegaron rapidísimo y sin problema,positivo
"La verdad, los tenis Voltra se despegó la suela al segundo uso",negativo
"Ya que preguntan, mis tenis nuevos el servicio fue excelente de principio a fin",positivo
Mis tenis nuevos cancelaron mi pedido sin avisar,negativo
Los tenis Voltra todavía tienen disponibilidad en talla 24?,neutral
Pues estos Voltra todavía tienen disponibilidad en talla 24?,neutral
Los que pedí están pésimos para lo que ofrecen,negativo
"La verdad, el modelo nuevo tardó más de un mes en llegar",negativo
"La verdad, estos tenis están decepcionantes para lo que ofrecen",negativo
"Ya que preguntan, mis tenis nuevos están pésimos para lo que ofrecen",negativo
Mis tenis nuevos quedé encantado con mis tenis nuevos 🙌,positivo
"Ya que preguntan, mis tenis nuevos nunca llegó mi pedido, pésimo servicio",negativo
El par que compré la calidad se siente premium,positivo
"Miren, mis tenis nuevos llegaron rapidísimo y sin problema",positivo
"Oye, mis tenis nuevos cancelaron mi pedido sin avisar",negativo
"Oye, mis tenis nuevos la suela se rompió a la semana de usarlos",negativo
Pues estos Voltra llegaron con la caja toda dañada,negativo
"Miren, los que pedí cómo le hago para cambiar la talla?",neutral
"Pues el modelo nuevo no los recomiendo para nada, mala calidad",negativo
Pues el modelo nuevo el servicio fue excelente de principio a fin,positivo
"Oye, mis tenis nuevos los recomiendo sin duda, no me arrepiento",positivo
Podrían ser mejores.,negativo
"Miren, el modelo nuevo el material se siente muy barato",negativo
"Miren, el modelo nuevo cobraron de más y nadie respondió mis mensajes",negativo
Pues mis tenis nuevos el color no es el mismo que en la foto,negativo
El modelo nuevo valen totalmente la pena por lo que ofrecen,positivo
"Miren, los que pedí los recomiendo sin duda, no me arrepiento",positivo
"Chicos, los que pedí es una copia barata de otra marca",negativo
"Miren, mis tenis nuevos cobraron de más y nadie respondió mis mensajes",negativo
Mis tenis nuevos pésima atención cuando reclamé,negativo
"Chicos, el modelo nuevo es una copia barata de otra marca",negativo
"Ya que preguntan, estos tenis no vale lo que cuesta, esperaba más",negativo
Los tenis Voltra superaron mis expectativas,positivo
"Ya que preguntan, estos Voltra se ven increíbles 😍",positivo
Mis tenis nuevos tienen en otros colores?,neutral
"Miren, mis tenis nuevos me quedaron chicos, tuve que cambiarlos",negativo
"Oye, estos Voltra cobraron de más y nadie respondió mis mensajes",negativo
"Oye, el par que compré cómo le hago para cambiar la talla?",neutral
"La verdad, estos tenis nunca llegó mi pedido, pésimo servicio",negativo
Estos tenis tienen en otros colores?,neutral
Estos Voltra cobraron de más y nadie respondió mis mensajes,negativo
Estos tenis el servicio fue excelente de principio a fin,positivo
"Ya que preguntan, mis tenis nuevos se despegó la suela al segundo uso",negativo
"Oye, los tenis Voltra es una copia barata de otra marca",negativo
"Miren, los que pedí el material se siente muy barato",negativo
"La verdad, los que pedí pésima atención cuando reclamé",negativo
"El modelo nuevo nunca llegó mi pedido, pésimo servicio",negativo
"Ya que preguntan, los que pedí nunca llegó mi pedido, pésimo servicio",negativo
Pues el par que compré tardó más de un mes en llegar,negativo
"Chicos, los que pedí de qué material son?",neutral
"Oye, los que pedí llegaron con la caja toda dañada",negativo
"Oye, los tenis Voltra se ven preciosos 😊",positivo
"Oye, los que pedí todavía tienen disponibilidad en talla 24?",neutral
"Miren, los que pedí se ven bien pero prefiero esperar una rebaja",neutral
"Los que pedí el empaque llegó perfecto, se nota el cuidado",positivo
"La verdad, el par que compré cuánto dura el envío a otra ciudad?",neutral
"Chicos, los que pedí cuál es la diferencia con el modelo anterior?",neutral
"Oye, los que pedí el empaque llegó perfecto, se nota el cuidado",positivo
"Ya que preguntan, el par que compré me quedaron chicos, tuve que cambiarlos",negativo
"Ya que preguntan, el modelo nuevo todavía tienen disponibilidad en talla 24?",neutral
El modelo nuevo cancelaron mi pedido sin avisar,negativo
Pues estos tenis el material se siente muy barato,negativo
"Ya que preguntan, el modelo nuevo quedé encantado con el modelo nuevo 😊",positivo
"La verdad, estos Voltra me quedaron chicos, tuve que cambiarlos",negativo
"Oye, el modelo nuevo responden por aquí o solo por WhatsApp?",neutral
"Oye, estos Voltra cuánto tarda el envío normalmente?",neutral
Pues los que pedí cancelaron mi pedido sin avisar,negativo
"Pues estos Voltra ya voy a comprar otro par, me encantaron",positivo
El modelo nuevo pésima atención cuando reclamé,negativo
"Chicos, los tenis Voltra se ven bien pero prefiero esperar una rebaja",neutral
Los que pedí tardó más de un mes en llegar,negativo
"Ya que preguntan, estos Voltra cuál es la diferencia con el modelo anterior?",neutral
"Miren, los tenis Voltra cuál es la diferencia con el modelo anterior?",neutral
El par que compré el servicio fue excelente de principio a fin,positivo
"Los tenis Voltra nunca llegó mi pedido, pésimo servicio",negativo
El modelo nuevo llegaron rapidísimo y sin problema,positivo
"Miren, el modelo nuevo cuánto dura el envío a otra ciudad?",neutral
"La verdad, estos tenis no vale lo que cuesta, esperaba más",negativo
"Oye, los que pedí llegaron rapidísimo y sin problema",positivo
"Ya que preguntan, el modelo nuevo no los recomiendo para nada, mala calidad",negativo
"Miren, estos tenis están carísimos para lo que ofrecen",negativo
"La verdad, estos Voltra no vale lo que cuesta, esperaba más",negativo
"Oye, los que pedí no los recomiendo para nada, mala calidad",negativo
Ni fu ni fa.,neutral
"Ya que preguntan, el modelo nuevo el diseño está buenísimo, combinan con todo",positivo
"Oye, los que pedí quedé encantado con los que pedí 💯",positivo
"Ya que preguntan, estos tenis la calidad se siente premium",positivo
No los recomendaría del todo.,negativo
"Oye, estos Voltra se ven bien pero prefiero esperar una rebaja",neutral
"Chicos, el par que compré llegaron con la caja toda dañada",negativo
Mis tenis nuevos de qué material son?,neutral
"Pues los que pedí resolvieron mi duda en minutos, súper atentos",positivo
"Ya que preguntan, los que pedí no vale lo que cuesta, esperaba más",negativo
Pues el modelo nuevo están carísimos para lo que ofrecen,negativo
"Ya que preguntan, el par que compré no los recomiendo para nada, mala calidad",negativo
"Pues el par que compré no sé si comprarlos todavía, sigo pensándolo",neutral
El modelo nuevo el color no es el mismo que en la foto,negativo
"Pues los tenis Voltra resolvieron mi duda en minutos, súper atentos",positivo
"Ya que preguntan, los tenis Voltra no vale lo que cuesta, esperaba más",negativo
"Miren, el modelo nuevo se ven perfectos 👏",positivo
Pues estos tenis cómo le hago para cambiar la talla?,neutral
Pues estos tenis quedé encantado con estos tenis 😊,positivo
El modelo nuevo tienen talla 26? ando buscando unos así,neutral
"Chicos, los que pedí cancelaron mi pedido sin avisar",negativo
"Ya que preguntan, los que pedí están carísimos para lo que ofrecen",negativo
"Miren, estos tenis la suela se rompió a la semana de usarlos",negativo
Me encanta el diseño pero el precio no tanto.,neutral
"Miren, el modelo nuevo cuánto cuestan? no encuentro el precio",neutral
"Miren, estos Voltra cobraron de más y nadie respondió mis mensajes",negativo
"Chicos, estos tenis no vale lo que cuesta, esperaba más",negativo
Pues los que pedí la atención al cliente fue rapidísima y amable,positivo
"La verdad, estos tenis ya voy a comprar otro par, me encantaron",positivo
"La verdad, el modelo nuevo llegaron rapidísimo y sin problema",positivo
"Oye, estos tenis cobraron de más y nadie respondió mis mensajes",negativo
"Ya que preguntan, el par que compré aceptan pagos a meses sin intereses?",neutral
"Chicos, los tenis Voltra llegaron rapidísimo y sin problema",positivo
"Ya que preguntan, el modelo nuevo el servicio fue excelente de principio a fin",positivo
"Chicos, estos tenis son cómodos desde el primer día",positivo
"Oye, mis tenis nuevos quedé encantado con mis tenis nuevos 😍",positivo
"Ya que preguntan, estos Voltra llegaron rapidísimo y sin problema",positivo
El par que compré responden por aquí o solo por WhatsApp?,neutral
Los tenis Voltra cobraron de más y nadie respondió mis mensajes,negativo
"No es lo que esperaba, pero tampoco está mal.",neutral
Los tenis Voltra son cómodos desde el primer día,positivo
"Ya que preguntan, estos tenis cuánto dura el envío a otra ciudad?",neutral
"Miren, el modelo nuevo hay descuento si compro dos pares?",neutral
Estos Voltra el servicio fue excelente de principio a fin,positivo
"Chicos, el par que compré de qué material son?",neutral
Mis tenis nuevos la atención al cliente fue rapidísima y amable,positivo
"Miren, el par que compré no sé si comprarlos todavía, sigo pensándolo",neutral
Los tenis Voltra aceptan pagos a meses sin intereses?,neutral
Pues estos Voltra cuánto dura el envío a otra ciudad?,neutral
Estos tenis la suela se rompió a la semana de usarlos,negativo
"La verdad, estos Voltra se despegó la suela al segundo uso",negativo
"Oye, los tenis Voltra de qué material son?",neutral
Pues el modelo nuevo cancelaron mi pedido sin avisar,negativo
"Chicos, los que pedí cuánto tarda el envío normalmente?",neutral
Mis tenis nuevos valen totalmente la pena por lo que ofrecen,positivo
"La verdad, los que pedí no sé si comprarlos todavía, sigo pensándolo",neutral
"Miren, estos Voltra cuánto dura el envío a otra ciudad?",neutral
"Oye, estos Voltra todavía tienen disponibilidad en talla 24?",neutral
"Chicos, estos tenis se despegó la suela al segundo uso",negativo
"Chicos, los que pedí el color no es el mismo que en la foto",negativo
"Miren, estos Voltra el precio vale la pena por la calidad",positivo
El modelo nuevo la atención al cliente fue rapidísima y amable,positivo
Estos tenis aceptan pagos a meses sin intereses?,neutral
"Miren, estos tenis no sé si comprarlos todavía, sigo pensándolo",neutral
"Chicos, los que pedí cobraron de más y nadie respondió mis mensajes",negativo
"Ya que preguntan, el par que compré de qué material son?",neutral
"La verdad, estos tenis es una copia barata de otra marca",negativo
"Oye, los que pedí me quedaron chicos, tuve que cambiarlos",negativo
"Bastante normal, nada especial.",neutral
Pues los tenis Voltra se despegó la suela al segundo uso,negativo
"La verdad, estos tenis pésima atención cuando reclamé",negativo
"Oye, estos tenis no vale lo que cuesta, esperaba más",negativo
"Los tenis Voltra el diseño está buenísimo, combinan con todo",positivo
Mis tenis nuevos hay descuento si compro dos pares?,neutral
"Miren, mis tenis nuevos cuál es la diferencia con el modelo anterior?",neutral
"Miren, estos tenis el color no es el mismo que en la foto",negativo
El par que compré hay descuento si compro dos pares?,neutral
"Ya que preguntan, el modelo nuevo resolvieron mi duda en minutos, súper atentos",positivo
"Oye, estos tenis tardó más de un mes en llegar",negativo
Pues mis tenis nuevos valen totalmente la pena por lo que ofrecen,positivo
Pues el par que compré aceptan pagos a meses sin intereses?,neutral
"Chicos, estos tenis cobraron de más y nadie respondió mis mensajes",negativo
"La verdad, el modelo nuevo la calidad se siente premium",positivo
"Pues los tenis Voltra el empaque llegó perfecto, se nota el cuidado",positivo
"Miren, el par que compré cancelaron mi pedido sin avisar",negativo
El par que compré están feos para lo que ofrecen,negativo
"Miren, el modelo nuevo la suela se rompió a la semana de usarlos",negativo
No sé si volvería a comprar.,neutral
"Ya que preguntan, los que pedí pésima atención cuando reclamé",negativo
"Pues el par que compré me quedaron chicos, tuve que cambiarlos",negativo
"Oye, estos Voltra valen totalmente la pena por lo que ofrecen",positivo
"Chicos, estos Voltra el color no es el mismo que en la foto",negativo
"Ya que preguntan, estos Voltra de qué material son?",neutral
"Miren, estos tenis es una copia barata de otra marca",negativo
"La verdad, los que pedí tardó más de un mes en llegar",negativo
"Oye, estos tenis están feos para lo que ofrecen",negativo
"Oye, estos tenis de qué material son?",neutral
Pues los tenis Voltra llegaron con la caja toda dañada,negativo
Pues mis tenis nuevos se ven bien pero prefiero esperar una rebaja,neutral
El par que compré son cómodos desde el primer día,positivo
Estos Voltra es una copia barata de otra marca,negativo
"Oye, mis tenis nuevos el material se siente muy barato",negativo
Pues los tenis Voltra se ven bien pero prefiero esperar una rebaja,neutral
"Ya que preguntan, los tenis Voltra el diseño está buenísimo, combinan con todo",positivo
"Ya que preguntan, el modelo nuevo hacen envíos a provincia?",neutral
Pues estos tenis responden por aquí o solo por WhatsApp?,neutral
"Ya que preguntan, los tenis Voltra el servicio fue excelente de principio a fin",positivo
"La verdad, el modelo nuevo cobraron de más y nadie respondió mis mensajes",negativo
"El par que compré los recomiendo sin duda, no me arrepiento",positivo
Pues estos Voltra hacen envíos a provincia?,neutral
"Oye, el par que compré tienen talla 26? ando buscando unos así",neutral
"El par que compré resolvieron mi duda en minutos, súper atentos",positivo
"La verdad, el modelo nuevo se ven buenísimos 🔥",positivo
"Oye, el par que compré se despegó la suela al segundo uso",negativo
Estos Voltra se despegó la suela al segundo uso,negativo
"Chicos, el modelo nuevo se ven bien pero prefiero esperar una rebaja",neutral
"Chicos, estos tenis el empaque llegó perfecto, se nota el cuidado",positivo
Pues estos tenis cancelaron mi pedido sin avisar,negativo
"La verdad, estos Voltra la calidad se siente premium",positivo
Estos tenis están incómodos para lo que ofrecen,negativo
"Chicos, el par que compré superaron mis expectativas",positivo
El modelo nuevo la calidad se siente premium,positivo
"Mis tenis nuevos el empaque llegó perfecto, se nota el cuidado",positivo
"Pues estos tenis ya voy a comprar otro par, me encantaron",positivo
"Miren, estos Voltra llegaron rapidísimo y sin problema",positivo
"Oye, mis tenis nuevos se ven bien pero prefiero esperar una rebaja",neutral
"La verdad, los que pedí todavía tienen disponibilidad en talla 24?",neutral
"La verdad, el par que compré tienen en otros colores?",neutral
"Chicos, estos Voltra resolvieron mi duda en minutos, súper atentos",positivo
"Miren, estos Voltra la atención al cliente fue rapidísima y amable",positivo
"La verdad, los tenis Voltra el empaque llegó perfecto, se nota el cuidado",positivo
"Chicos, el modelo nuevo me quedaron chicos, tuve que cambiarlos",negativo
"Ya que preguntan, estos tenis ya voy a comprar otro par, me encantaron",positivo
"Oye, el modelo nuevo resolvieron mi duda en minutos, súper atentos",positivo
"Chicos, el modelo nuevo llegaron con la caja toda dañada",negativo
"Chicos, mis tenis nuevos la calidad se siente premium",positivo
"Ya que preguntan, los tenis Voltra el material se siente muy barato",negativo
"Miren, estos Voltra cuánto tarda el envío normalmente?",neutral
"Ya que preguntan, el modelo nuevo el precio vale la pena por la calidad",positivo
Los que pedí la calidad se siente premium,positivo
El par que compré la suela se rompió a la semana de usarlos,negativo
"Ya que preguntan, estos Voltra tardó más de un mes en llegar",negativo
"Ya que preguntan, los tenis Voltra superaron mis expectativas",positivo
"Miren, estos tenis pésima atención cuando reclamé",negativo
Pues mis tenis nuevos la calidad se siente premium,positivo
"Ya que preguntan, mis tenis nuevos no sé si comprarlos todavía, sigo pensándolo",neutral
"Miren, el modelo nuevo el empaque llegó perfecto, se nota el cuidado",positivo
"Chicos, estos tenis el servicio fue excelente de principio a fin",positivo
"Oye, el par que compré llegaron con la caja toda dañada",negativo
"Miren, los que pedí están incómodos para lo que ofrecen",negativo
"Estos tenis no vale lo que cuesta, esperaba más",negativo
"Oye, los tenis Voltra responden por aquí o solo por WhatsApp?",neutral
"Ya que preguntan, estos Voltra se despegó la suela al segundo uso",negativo
"Oye, mis tenis nuevos se ven buenísimos 😊",positivo
"Ya que preguntan, los tenis Voltra los recomiendo sin duda, no me arrepiento",positivo
"Pues el par que compré ya voy a comprar otro par, me encantaron",positivo
Más o menos.,neutral
"Oye, el modelo nuevo la calidad se siente premium",positivo
"La verdad, los tenis Voltra aceptan pagos a meses sin intereses?",neutral
"Mis tenis nuevos los recomiendo sin duda, no me arrepiento",positivo
"Oye, los tenis Voltra resolvieron mi duda en minutos, súper atentos",positivo
Los tenis Voltra se ven bien pero prefiero esperar una rebaja,neutral
"Oye, el modelo nuevo son cómodos desde el primer día",positivo
"Ya que preguntan, los tenis Voltra cuál es la diferencia con el modelo anterior?",neutral
"Ya que preguntan, estos Voltra tienen en otros colores?",neutral
"Estos Voltra resolvieron mi duda en minutos, súper atentos",positivo
Los tenis Voltra se ven hermosos 💯,positivo
Los que pedí el material se siente muy barato,negativo
"La verdad, estos tenis tardó más de un mes en llegar",negativo
"Miren, el par que compré el precio vale la pena por la calidad",positivo
"Ya que preguntan, mis tenis nuevos cómo le hago para cambiar la talla?",neutral
"Chicos, los tenis Voltra no sé si comprarlos todavía, sigo pensándolo",neutral
Estos Voltra tardó más de un mes en llegar,negativo
Pues el modelo nuevo pésima atención cuando reclamé,negativo
El modelo nuevo de qué material son?,neutral
"Chicos, el modelo nuevo el color no es el mismo que en la foto",negativo
Pues estos Voltra el color no es el mismo que en la foto,negativo
Estos tenis se despegó la suela al segundo uso,negativo
Pues el modelo nuevo es una copia barata de otra marca,negativo
"Miren, mis tenis nuevos llegaron con la caja toda dañada",negativo
"Chicos, los que pedí llegaron rapidísimo y sin problema",positivo
"Miren, los tenis Voltra quedé encantado con los tenis Voltra 😍",positivo
"Chicos, estos Voltra cuál es la diferencia con el modelo anterior?",neutral
"Chicos, mis tenis nuevos son cómodos desde el primer día",positivo
"La verdad, estos tenis se ven geniales 😍",positivo
"Pues los que pedí el empaque llegó perfecto, se nota el cuidado",positivo
El modelo nuevo superaron mis expectativas,positivo
"Chicos, el par que compré ya voy a comprar otro par, me encantaron",positivo
"Pues el modelo nuevo el empaque llegó perfecto, se nota el cuidado",positivo
"Oye, el modelo nuevo el empaque llegó perfecto, se nota el cuidado",positivo
Estos tenis cuánto tarda el envío normalmente?,neutral
Estos tenis el color no es el mismo que en la foto,negativo
"La verdad, los tenis Voltra resolvieron mi duda en minutos, súper atentos",positivo
Ni tan bueno ni tan malo.,neutral
Pues mis tenis nuevos cuánto dura el envío a otra ciudad?,neutral
"Oye, el modelo nuevo se ven preciosos 🔥",positivo
"Miren, estos tenis el precio vale la pena por la calidad",positivo
"Ya que preguntan, el modelo nuevo llegaron con la caja toda dañada",negativo
El modelo nuevo quedé encantado con el modelo nuevo 💯,positivo
Estos Voltra responden por aquí o solo por WhatsApp?,neutral
"La verdad, los tenis Voltra el material se siente muy barato",negativo
"Chicos, estos tenis la calidad se siente premium",positivo
